<?xml version="1.0" encoding="utf-8"?>
<feed xmlns="http://www.w3.org/2005/Atom"
    xmlns:rdf="http://www.w3.org/1999/02/22-rdf-syntax-ns#"
    xmlns:leap2="http://terms.leapspecs.org/"
    xmlns:categories="http://wiki.leapspecs.org/2A/categories/"
    xmlns:portfolio="https://eportfolio.u-pec.fr/export/leap/3536/1666343308/"
    xmlns:mahara="http://wiki.mahara.org/Developer_Area/Import%2F%2FExport/LEAP_Extensions#"
>
    <leap2:version>http://www.leapspecs.org/2010-07/2A/</leap2:version>
    <id>https://eportfolio.u-pec.fr/export/3536/1666343308</id>
    <title>Mahara Leap2A Export for Elyes AISSAT, 21/10/2022 11:08</title>
    <updated>2022-10-21T11:11:28+02:00</updated>
    <generator uri="https://mahara.org/" version="2008122400">Mahara</generator>
    <author>
        <name>Elyes AISSAT</name>
        <email>elyes.aissat@etu.u-pec.fr</email>
        <uri>portfolio:artefactinternal</uri>
    </author>

    <entry>
        <title>English Page</title>
        <id>portfolio:view31597</id>

        <updated>2022-10-21T11:11:04+02:00</updated>
        <published>2022-10-16T17:05:14+02:00</published>

        <summary type="xhtml"><div xmlns="http://www.w3.org/1999/xhtml"><div></div></div></summary>

   <subtitle type="xhtml"><div xmlns="http://www.w3.org/1999/xhtml"><div></div></div></subtitle>
        <content type="xhtml"><div xmlns="http://www.w3.org/1999/xhtml"><div><div id="user_block_137335"><div class="bt-image gridstackblock card card-secondary clearfix" id="user_blockinstance_137335">
    
        <div class="block-header d-none">
    
        <a class="commentlink" href="#" title="">
        
            
                <span class="icon icon-plus" title="Commentaires et les détails"></span>
                Ajouter un commentaire
                <span class="bh-margin-left icon icon-search-plus"></span>
                Détails
            
        
        </a>
    
</div>

    
    
    
        <h2 class="title card-header js-heading">
            

            <span class="collapse-inline">
                Emplacement
                
            </span>

            

        </h2>
    

    <div class="block" id="user_blockinstance_137335_target">
        
        
            <div class="imageblock card-body">
    <div class="image">
        
        <a class="modal_link" href="#">
            <img rel="leap2:has_part" href="portfolio:artefact90275" alt="My English page.jpg" title="My English page.jpg" />
        </a>
        
    </div>

    
</div>

        
    </div>
</div>
</div><div id="user_block_136133"><div class="bt-text gridstackblock card card-secondary clearfix" id="user_blockinstance_136133">
    
    
        <div class="block-header quick-edit d-none">
    <a class="modal_link list-group-heading" href="#" title="Édition rapide">
        <span class="icon icon-pencil-alt" title="Édition rapide"></span>
        Édition rapide
    </a>
</div>

    
    
        <h2 class="title card-header js-heading">
            

            <span class="collapse-inline">
                Quick introduction
                
            </span>

            

        </h2>
    

    <div class="block" id="user_blockinstance_136133_target">
        
        
            

<div class="textblock card-body flush">
<p style="text-align:justify;">Hi there ! My name is Elyes and I’m going to give you a short presentation: </p>
<p style="text-align:justify;"><br />So let’s start! My name is Elyes Aïssat. I am 17 years old and I live in Châtillon in the Hauts-de-Seine. I have a passion for music, sports and computer science. In computer science, I have always liked to make computer programs that allow the automation of tasks, whether they intended for office automation or video games. This occupation allowed me to learn about computer networks and software programming.</p>
<p style="text-align:justify;"> </p>
<p style="text-align:justify;">Finally in a school setting, I obtained my Baccalaureate honors with the specialties: mathematics and economic and social sciences and geopolitics (only in 1st). Geopolitical specialties and SES may seem trivial, but they have taught me to be critical and to learn to debate. This allowed me to improve my communication skills and gave me a new vision of the world.</p>
<p style="text-align:justify;">Now I am in BUT Networks and Telecommunications at the IUT of Vitry. Next year I want to go in Alternation. I chose these studies nottament for the practical side but also because I want to continue my studies in the field of computer science nottament in BlockChain technology.</p>
</div>


        
    </div>
</div>
</div><div id="user_block_137346"><div class="bt-image gridstackblock card card-secondary clearfix" id="user_blockinstance_137346">
    
        <div class="block-header d-none">
    
        <a class="commentlink" href="#" title="">
        
            
                <span class="icon icon-plus" title="Commentaires et les détails"></span>
                Ajouter un commentaire
                <span class="bh-margin-left icon icon-search-plus"></span>
                Détails
            
        
        </a>
    
</div>

    
    
    
        
    

    <div class="no-heading block" id="user_blockinstance_137346_target">
        
        
            <div class="imageblock card-body">
    <div class="image">
        
        <a class="modal_link" href="#">
            <img rel="leap2:has_part" href="portfolio:artefact90284" alt="area.jpg" title="area.jpg" />
        </a>
        
    </div>

    
</div>

        
    </div>
</div>
</div><div id="user_block_137339"><div class="bt-text gridstackblock card card-secondary clearfix" id="user_blockinstance_137339">
    
    
        <div class="block-header quick-edit d-none">
    <a class="modal_link list-group-heading" href="#" title="Édition rapide">
        <span class="icon icon-pencil-alt" title="Édition rapide"></span>
        Édition rapide
    </a>
</div>

    
    
        <h2 class="title card-header js-heading">
            

            <span class="collapse-inline">
                Area of interest
                
            </span>

            

        </h2>
    

    <div class="block" id="user_blockinstance_137339_target">
        
        
            

<div class="textblock card-body flush">
<p>I love music, I’ve been at the Châtillon conservatory since I was 6. I play violin at the Châtillon conservatory symphony orchestra. I also learn to play the piano. What I love about music is that it’s a very large universe, I sign up all the time for courses to discover new musicians and expand my musical culture. As I watch anime and manga I like to replay the music I hear on the piano!</p>
<p>Apart from music, I also like sports a lot. Being younger I did table tennis and sub-aquatic diving. Today when I have free time to devote I do street basketball with my friends, I like to challenge myself by sending new players on the playground.</p>
<p>I am fascinated by computers and new technologies, and I always try to learn more. Otherwise I’m also very interested in cryptocurrencies and I watch anime.</p>
</div>


        
    </div>
</div>
</div><div id="user_block_137340"><div class="bt-image gridstackblock card card-secondary clearfix" id="user_blockinstance_137340">
    
        <div class="block-header d-none">
    
        <a class="commentlink" href="#" title="">
        
            
                <span class="icon icon-plus" title="Commentaires et les détails"></span>
                Ajouter un commentaire
                <span class="bh-margin-left icon icon-search-plus"></span>
                Détails
            
        
        </a>
    
</div>

    
    
    
        
    

    <div class="no-heading block" id="user_blockinstance_137340_target">
        
        
            <div class="imageblock card-body">
    <div class="image">
        
        <a class="modal_link" href="#">
            <img rel="leap2:has_part" href="portfolio:artefact90278" alt="4305486.jpg.2.jpg" title="4305486.jpg.2.jpg" />
        </a>
        
    </div>

    
</div>

        
    </div>
</div>
</div><div id="user_block_137343"><div class="bt-text gridstackblock card card-secondary clearfix" id="user_blockinstance_137343">
    
    
        <div class="block-header quick-edit d-none">
    <a class="modal_link list-group-heading" href="#" title="Édition rapide">
        <span class="icon icon-pencil-alt" title="Édition rapide"></span>
        Édition rapide
    </a>
</div>

    
    
        <h2 class="title card-header js-heading">
            

            <span class="collapse-inline">
                Academic objectives
                
            </span>

            

        </h2>
    

    <div class="block" id="user_blockinstance_137343_target">
        
        
            

<div class="textblock card-body flush">
<p>My main academic goal is to successfully complete my studies, this involves:</p>
<p>• Obtain certifications (Cisco, Voltaire, Microsoft)</p>
<p>• Improve my web development</p>
<p>• Get used to using Linux OS and BASH.</p>
<p>Above all I want to become the best of my promotion to do my second year in alternation and have a good record so that I can then integrate a good engineering school.</p>
</div>


        
    </div>
</div>
</div><div id="user_block_137337"><div class="bt-text gridstackblock card card-secondary clearfix" id="user_blockinstance_137337">
    
    
        <div class="block-header quick-edit d-none">
    <a class="modal_link list-group-heading" href="#" title="Édition rapide">
        <span class="icon icon-pencil-alt" title="Édition rapide"></span>
        Édition rapide
    </a>
</div>

    
    
        <h2 class="title card-header js-heading">
            

            <span class="collapse-inline">
                Personal Goals
                
            </span>

            

        </h2>
    

    <div class="block" id="user_blockinstance_137337_target">
        
        
            

<div class="textblock card-body flush">
<p>Except from my professional success, the desire to discover new things and to master them are my main motivations, here I would like to accomplish:</p>
<p>• Discover the world</p>
<p>• Join a prestigious orchestra</p>
<p>• Become independent </p>
<p>These goals are for me a way to discover new cultures by making new encounters without any social constraints, and to be able to practice my passions quietly.</p>
</div>


        
    </div>
</div>
</div><div id="user_block_137342"><div class="bt-text gridstackblock card card-secondary clearfix" id="user_blockinstance_137342">
    
    
        <div class="block-header quick-edit d-none">
    <a class="modal_link list-group-heading" href="#" title="Édition rapide">
        <span class="icon icon-pencil-alt" title="Édition rapide"></span>
        Édition rapide
    </a>
</div>

    
    
        <h2 class="title card-header js-heading">
            

            <span class="collapse-inline">
                Career Goals
                
            </span>

            

        </h2>
    

    <div class="block" id="user_blockinstance_137342_target">
        
        
            

<div class="textblock card-body flush">
<p>My career goals are for me a source of motivation but above all the fulfillment of a very strong wish. That’s why I would classify them by periods:</p>
<p>• In about 5 years: After completing my DUT Réseau and Télecom, I would go to engineering school to become a BlockChain engineer. </p>
<p>• As a first step, I would work in a business as a Blockchain engineer.</p>
<p>• Then I would like to continue my career abroad in the countries of the Asian continent.</p>
<p>• And finally, I would like to live on my own by opening my own business and settling permanently abroad...</p>
</div>


        
    </div>
</div>
</div></div></div></content>
        <rdf:type rdf:resource="leap2:selection"/>

        <link rel="is_part_of" href="portfolio:collection4234"/>
        <link rel="leap2:has_part" href="portfolio:artefact90275"/>
        <link rel="leap2:has_part" href="portfolio:artefact90278"/>
        <link rel="leap2:has_part" href="portfolio:artefact90284"/>


        <category term="Webpage" scheme="categories:selection_type#"/>





        <mahara:view mahara:newlayout="1" mahara:type="portfolio" mahara:ownerformat="6">
        
            
            <mahara:blockinstance mahara:blocktype="image" mahara:blocktitle="Emplacement" mahara:positionx="0" mahara:positiony="0" mahara:height="45" mahara:width="6">
                
                    
                    <mahara:artefactid>[&quot;portfolio:artefact90275&quot;]</mahara:artefactid>
                    
                
                    
                    <mahara:showdescription>[false]</mahara:showdescription>
                    
                
                    
                    <mahara:width>[&quot;&quot;]</mahara:width>
                    
                
                    
                    <mahara:retractable>[0]</mahara:retractable>
                    
                
                    
                    <mahara:retractedonload>[0]</mahara:retractedonload>
                    
                
                
                
            </mahara:blockinstance>
            
            <mahara:blockinstance mahara:blocktype="text" mahara:blocktitle="Quick introduction" mahara:positionx="6" mahara:positiony="0" mahara:height="45" mahara:width="6">
                
                    
                    <mahara:text>[&quot;&lt;p style=\&quot;text-align: justify;\&quot;&gt;Hi there ! My name is Elyes and I&amp;rsquo;m going to give you a short presentation:&amp;nbsp;&lt;\/p&gt;\r\n&lt;p style=\&quot;text-align: justify;\&quot;&gt;&lt;br \/&gt;So let&amp;rsquo;s start! My name is Elyes A&amp;iuml;ssat. I am 17 years old and I live in Ch&amp;acirc;tillon in the Hauts-de-Seine. I have a passion for music, sports and computer science. In computer science, I have always liked to make computer programs that allow the automation of tasks, whether they intended for office automation or video games. This occupation allowed me to learn about computer networks and software programming.&lt;\/p&gt;\r\n&lt;p style=\&quot;text-align: justify;\&quot;&gt;&amp;nbsp;&lt;\/p&gt;\r\n&lt;p style=\&quot;text-align: justify;\&quot;&gt;Finally in a school setting, I obtained my Baccalaureate honors with the specialties: mathematics and economic and social sciences and geopolitics (only in 1st). Geopolitical specialties and SES may seem trivial, but they have taught me to be critical and to learn to debate. This allowed me to improve my communication skills and gave me a new vision of the world.&lt;\/p&gt;\r\n&lt;p style=\&quot;text-align: justify;\&quot;&gt;Now I am in BUT Networks and Telecommunications at the IUT of Vitry. Next year I want to go in Alternation. I chose these studies nottament for the practical side but also because I want to continue my studies in the field of computer science nottament in BlockChain technology.&lt;\/p&gt;&quot;]</mahara:text>
                    
                
                    
                    <mahara:instructions></mahara:instructions>
                    
                
                
                
            </mahara:blockinstance>
            
            <mahara:blockinstance mahara:blocktype="image" mahara:blocktitle="" mahara:positionx="1" mahara:positiony="45" mahara:height="14" mahara:width="10">
                
                    
                    <mahara:artefactid>[&quot;portfolio:artefact90284&quot;]</mahara:artefactid>
                    
                
                    
                    <mahara:showdescription>[false]</mahara:showdescription>
                    
                
                    
                    <mahara:width>[&quot;&quot;]</mahara:width>
                    
                
                    
                    <mahara:retractable>[0]</mahara:retractable>
                    
                
                    
                    <mahara:retractedonload>[0]</mahara:retractedonload>
                    
                
                
                
            </mahara:blockinstance>
            
            <mahara:blockinstance mahara:blocktype="text" mahara:blocktitle="Area of interest" mahara:positionx="0" mahara:positiony="59" mahara:height="33" mahara:width="6">
                
                    
                    <mahara:text>[&quot;&lt;p&gt;I love music, I&amp;rsquo;ve been at the Ch&amp;acirc;tillon conservatory since I was 6. I play violin at the Ch&amp;acirc;tillon conservatory symphony orchestra. I also learn to play the piano. What I love about music is that it&amp;rsquo;s a very large universe, I sign up all the time for courses to discover new musicians and expand my musical culture. As I watch anime and manga I like to replay the music I hear on the piano!&lt;\/p&gt;\r\n&lt;p&gt;Apart from music, I also like sports a lot. Being younger I did table tennis and sub-aquatic diving. Today when I have free time to devote I do street basketball with my friends, I like to challenge myself by sending new players on the playground.&lt;\/p&gt;\r\n&lt;p&gt;I am fascinated by computers and new technologies, and I always try to learn more. Otherwise I&amp;rsquo;m also very interested in cryptocurrencies and I watch anime.&lt;\/p&gt;&quot;]</mahara:text>
                    
                
                    
                    <mahara:instructions></mahara:instructions>
                    
                
                
                
            </mahara:blockinstance>
            
            <mahara:blockinstance mahara:blocktype="image" mahara:blocktitle="" mahara:positionx="6" mahara:positiony="59" mahara:height="33" mahara:width="6">
                
                    
                    <mahara:artefactid>[&quot;portfolio:artefact90278&quot;]</mahara:artefactid>
                    
                
                    
                    <mahara:showdescription>[false]</mahara:showdescription>
                    
                
                    
                    <mahara:width>[&quot;&quot;]</mahara:width>
                    
                
                    
                    <mahara:retractable>[0]</mahara:retractable>
                    
                
                    
                    <mahara:retractedonload>[0]</mahara:retractedonload>
                    
                
                
                
            </mahara:blockinstance>
            
            <mahara:blockinstance mahara:blocktype="text" mahara:blocktitle="Academic objectives" mahara:positionx="0" mahara:positiony="92" mahara:height="22" mahara:width="4">
                
                    
                    <mahara:text>[&quot;&lt;p&gt;My main academic goal is to successfully complete my studies, this involves:&lt;\/p&gt;\r\n&lt;p&gt;&amp;bull; Obtain certifications (Cisco, Voltaire, Microsoft)&lt;\/p&gt;\r\n&lt;p&gt;&amp;bull; Improve my web development&lt;\/p&gt;\r\n&lt;p&gt;&amp;bull; Get used to using Linux OS and BASH.&lt;\/p&gt;\r\n&lt;p&gt;Above all I want to become the best of my promotion to do my second year in alternation and have a good record so that I can then integrate a good engineering school.&lt;\/p&gt;&quot;]</mahara:text>
                    
                
                    
                    <mahara:instructions></mahara:instructions>
                    
                
                
                
            </mahara:blockinstance>
            
            <mahara:blockinstance mahara:blocktype="text" mahara:blocktitle="Personal Goals" mahara:positionx="4" mahara:positiony="92" mahara:height="24" mahara:width="4">
                
                    
                    <mahara:text>[&quot;&lt;p&gt;Except from my professional success, the desire to discover new things and to master them are my main motivations, here I would like to accomplish:&lt;\/p&gt;\r\n&lt;p&gt;&amp;bull; Discover the world&lt;\/p&gt;\r\n&lt;p&gt;&amp;bull; Join a prestigious orchestra&lt;\/p&gt;\r\n&lt;p&gt;&amp;bull; Become independent&amp;nbsp;&lt;\/p&gt;\r\n&lt;p&gt;These goals are for me a way to discover new cultures by making new encounters without any social constraints, and to be able to practice my passions quietly.&lt;\/p&gt;&quot;]</mahara:text>
                    
                
                    
                    <mahara:instructions></mahara:instructions>
                    
                
                
                
            </mahara:blockinstance>
            
            <mahara:blockinstance mahara:blocktype="text" mahara:blocktitle="Career Goals" mahara:positionx="8" mahara:positiony="92" mahara:height="29" mahara:width="4">
                
                    
                    <mahara:text>[&quot;&lt;p&gt;My career goals are for me a source of motivation but above all the fulfillment of a very strong wish. That&amp;rsquo;s why I would classify them by periods:&lt;\/p&gt;\r\n&lt;p&gt;&amp;bull; In about 5 years: After completing my DUT R&amp;eacute;seau and T&amp;eacute;lecom, I would go to engineering school to become a BlockChain engineer.&amp;nbsp;&lt;\/p&gt;\r\n&lt;p&gt;&amp;bull; As a first step, I would work in a business as a Blockchain engineer.&lt;\/p&gt;\r\n&lt;p&gt;&amp;bull; Then I would like to continue my career abroad in the countries of the Asian continent.&lt;\/p&gt;\r\n&lt;p&gt;&amp;bull; And finally, I would like to live on my own by opening my own business and settling permanently abroad...&lt;\/p&gt;&quot;]</mahara:text>
                    
                
                    
                    <mahara:instructions></mahara:instructions>
                    
                
                
                
            </mahara:blockinstance>
            
        
        </mahara:view>
    </entry>

    <entry>
        <title>Portfolio de Elyes Aissat</title>
        <id>portfolio:view31596</id>

        <updated>2022-10-21T10:10:49+02:00</updated>
        <published>2022-10-16T15:03:26+02:00</published>

        <summary type="xhtml"><div xmlns="http://www.w3.org/1999/xhtml"><div></div></div></summary>

   <subtitle type="xhtml"><div xmlns="http://www.w3.org/1999/xhtml"><div></div></div></subtitle>
        <content type="xhtml"><div xmlns="http://www.w3.org/1999/xhtml"><div><div id="user_block_136130"><div class="bt-image gridstackblock card card-secondary clearfix" id="user_blockinstance_136130">
    
        <div class="block-header d-none">
    
        <a class="commentlink" href="#" title="">
        
            
                <span class="icon icon-plus" title="Commentaires et les détails"></span>
                Ajouter un commentaire
                <span class="bh-margin-left icon icon-search-plus"></span>
                Détails
            
        
        </a>
    
</div>

    
    
    
        <h2 class="title card-header js-heading">
            

            <span class="collapse-inline">
                PORTFOLIO
                
            </span>

            

        </h2>
    

    <div class="block" id="user_blockinstance_136130_target">
        
        
            <div class="imageblock card-body">
    <div class="image">
        
        <a class="modal_link" href="#">
            <img rel="leap2:has_part" href="portfolio:artefact89663" alt="image portfolio.jpg" title="image portfolio.jpg" />
        </a>
        
    </div>

    
</div>

        
    </div>
</div>
</div><div id="user_block_136131"><div class="bt-profileinfo gridstackblock card card-secondary card-regular clearfix" id="user_blockinstance_136131">
    
    
    
        <h2 class="title card-header js-heading">
            

            <span class="collapse-inline">
                INDEX
                
            </span>

            

        </h2>
    

    <div class="block" id="user_blockinstance_136131_target">
        
        
            
    
    <div class="card-body flush">
    
    
        <div class="user-icon float-right user-icon-60">
            <img src="https://eportfolio.u-pec.fr/thumb.php?type=profileiconbyid&amp;id=86034&amp;view=31596&amp;maxwidth=80" alt="Image du profil de Elyes Aissat" />
        </div>
    
    
        <p>Bienvenue sur mon profil ! Vous y trouverez plusieurs informations telles que:</p>
<p><strong>• </strong>Une rapide présentation.</p>
<p><strong>• </strong>Ma lettre de motivation accompagné d'une vidéo.</p>
<p><strong>• </strong>Mes centres d'intérêts et objectifs.</p>
<p><strong>• </strong>Mes certifications et diplômes.</p>
<p><strong>•</strong> Un compte rendu de la saé 14</p>
    
    
    
    
    
    </div>
    


        
    </div>
</div>
</div><div id="user_block_136132"><div class="bt-socialprofile gridstackblock card card-secondary clearfix" id="user_blockinstance_136132">
    
    
    
        <h2 class="title card-header js-heading">
            

            <span class="collapse-inline">
                Réseaux Sociaux
                
            </span>

            

        </h2>
    

    <div class="block" id="user_blockinstance_136132_target">
        
        
            
<div class="card-body flush">

    

    <a href="https://github.com/elyeski" title="https://github.com/elyeski" class="btn btn-secondary btn-sm socialbtn">
        
            
                <img src="https://www.google.com/s2/favicons?domain=github.com" alt="https://github.com/elyeski" class="valign-top" />
            
        
         
        GitHub
    </a>

    <a href="https://gitlab.com/elyeski" title="https://gitlab.com/elyeski" class="btn btn-secondary btn-sm socialbtn">
        
            
                <img src="https://www.google.com/s2/favicons?domain=gitlab.com" alt="https://gitlab.com/elyeski" class="valign-top" />
            
        
         
        GitLab
    </a>

    <a href="https://www.linkedin.com/in/elyes-aissat-665609251" title="https://www.linkedin.com/in/elyes-aissat-665609251" class="btn btn-secondary btn-sm socialbtn">
        
            
                <img src="https://www.google.com/s2/favicons?domain=www.linkedin.com" alt="https://www.linkedin.com/in/elyes-aissat-665609251" class="valign-top" />
            
        
         
        Linkedin
    </a>


</div>


        
    </div>
</div>
</div><div id="user_block_136152"><div class="bt-navigation gridstackblock card card-secondary clearfix" id="user_blockinstance_136152">
    
    
    
        <h2 class="title card-header js-heading">
            

            <span class="collapse-inline">
                In English Please !
                
            </span>

            

        </h2>
    

    <div class="block" id="user_blockinstance_136152_target">
        
        
            
    <div id="user_collection-nav" class="list-group">
        
            <div class="list-group-item flush">
                <h3 class="list-group-item-heading">
                  
                      <a href="https://eportfolio.u-pec.fr/view/view.php?id=31597">
                  
                        English Page
                  
                      </a>
                  
                </h3>
            </div>
        
    </div>


        
    </div>
</div>
</div><div id="user_block_136147"><div class="bt-text gridstackblock card card-secondary clearfix" id="user_blockinstance_136147">
    
    
        <div class="block-header quick-edit d-none">
    <a class="modal_link list-group-heading" href="#" title="Édition rapide">
        <span class="icon icon-pencil-alt" title="Édition rapide"></span>
        Édition rapide
    </a>
</div>

    
    
        <h2 class="title card-header js-heading">
            

            <span class="collapse-inline">
                Quelques mots sur moi
                
            </span>

            

        </h2>
    

    <div class="block" id="user_blockinstance_136147_target">
        
        
            

<div class="textblock card-body flush">
<p style="text-align:justify;">Bonjour à tous ! Je m’appelle Elyes et je vais vous faire une petite présentation : </p>
<p style="text-align:justify;"><br />Alors, commençons ! Je m'appelle Elyes Aïssat. J'ai 17 ans et j'habite à <span style="color:#3d6de8;"><a href="https://www.google.com/maps/place/92320+Ch%C3%A2tillon/@48.8272021,2.2922937,11.35z/data=!4m5!3m4!1s0x47e6709142522391:0x40b82c3688b3e60!8m2!3d48.804689!4d2.289387" target="_blank" rel="noreferrer noopener"><em>Châtillon</em></a></span> dans les Hauts-de-Seine. J'ai une passion pour la musique, le sport et l'informatique. Dans l’informatique, j’ai toujours aimé faire des petits programmes qui permettent l'automatisation de tâches, qu’elles destinées à de la bureautique ou des jeux-vidéos. Cette occupation m’a permis de m’initier aux réseaux informatique et à la programmation logicielle.</p>
<p style="text-align:justify;"> </p>
<p style="text-align:justify;">Enfin dans un cadre scolaire, j'ai obtenu mon Baccalauréat mention bien avec les spécialités : mathématiques et sciences économiques et sociales (ses) et géopolitique (uniquement en 1ere). Il est vrai que les spécialités géopolitique et SES peuvent sembler futiles,  mais elles m'ont appris à dévelloper un esprit critique et apprendre à débattre. Cela m'a alors permis d'améliorer mes compétences en communication et m'a apporté une nouvelle vision du monde.</p>
<p style="text-align:justify;">Maintenant, je suis en BUT Réseaux et Télécommunications à l'IUT de Vitry. L'anné prochaine je souhaite aller en Alternance. J'ai choisi ces études nottament pour le côté mise en pratique mais aussi parce que je souhaite poursuivre mes études dans le domaine de l'informatique nottament dans la technologie <span style="color:#3d6de8;"><em><a href="https://blockchainfrance.net/decouvrir-la-blockchain/c-est-quoi-la-blockchain/" target="_blank" rel="noreferrer noopener"><span style="color:#3d6de8;">BlockChain</span></a></em>.</span></p>
</div>


        
    </div>
</div>
</div><div id="user_block_137334"><div class="bt-text gridstackblock card card-secondary clearfix" id="user_blockinstance_137334">
    
    
        <div class="block-header quick-edit d-none">
    <a class="modal_link list-group-heading" href="#" title="Édition rapide">
        <span class="icon icon-pencil-alt" title="Édition rapide"></span>
        Édition rapide
    </a>
</div>

    
    
        <h2 class="title card-header js-heading">
            

            <span class="collapse-inline">
                Mes Projets
                
            </span>

            

        </h2>
    

    <div class="block" id="user_blockinstance_137334_target">
        
        
            

<div class="textblock card-body flush">
<p>Grâce à la plateforme Github, j'ai pu sauvegarder mes différents projets effectués:</p>
</div>


        
    </div>
</div>
</div><div id="user_block_136985"><div class="bt-image gridstackblock card card-secondary clearfix" id="user_blockinstance_136985">
    
        <div class="block-header d-none">
    
        <a class="commentlink" href="#" title="">
        
            
                <span class="icon icon-plus" title="Commentaires et les détails"></span>
                Ajouter un commentaire
                <span class="bh-margin-left icon icon-search-plus"></span>
                Détails
            
        
        </a>
    
</div>

    
    
    
        
    

    <div class="no-heading block" id="user_blockinstance_136985_target">
        
        
            <div class="imageblock card-body">
    <div class="image">
        
        <a class="modal_link" href="#">
            <img rel="leap2:has_part" href="portfolio:artefact90148" alt="Diapositive1.JPG.1" title="Diapositive1.JPG.1" />
        </a>
        
    </div>

    
</div>

        
    </div>
</div>
</div><div id="user_block_136151"><div class="bt-externalvideo gridstackblock card card-secondary card-brand clearfix" id="user_blockinstance_136151">
    
    
    
        
    

    <div class="no-heading block" id="user_blockinstance_136151_target">
        
        
            <div class="mediaplayer-container text-center card-body">
  <div id="user_vid_136151" class="mediaplayer" style="margin:0 auto;">
    <iframe class="externalvideoiframe" width="560" height="349" src="https://www.youtube.com/embed/JZ8m?start=Her2wE" allowfullscreen="1"></iframe>
    
  </div>
</div>

        
    </div>
</div>
</div><div id="user_block_136146"><div class="bt-resumefield gridstackblock card card-secondary clearfix" id="user_blockinstance_136146">
    
    
    
        <h2 class="title card-header js-heading">
            

            <span class="collapse-inline">
                Lettre de motivation
                
            </span>

            

        </h2>
    

    <div class="block" id="user_blockinstance_136146_target">
        
        
            
    
    <div class="card-body flush">
        <p><strong>Objet :</strong> Demande de contrat en alternance.</p>
<p> </p>
<p>Madame, Monsieur,                                                                                                                        </p>
<p style="text-align:justify;"><span style="font-family:'Open Sans';">Actuellement étudiant en première année à l’IUT de l’Université Paris-Est Créteil sur le site de Vitry-Sur-Seine en Bachelor Universitaire et Technologique Réseaux et Télécommunications, je suis très attaché et passionné par cette discipline qui ne cesse de se développer. Depuis mon plus jeune âge, j’éprouve un fort intérêt pour tout ce qui touche de près ou de loin aux nouvelles technologies et à l’informatique.                                              </span></p>
<p style="text-align:justify;">C’est alors tout naturellement que je vous écris pour pouvoir effectuer ma deuxième année en alternance. Pour mieux me préparer à mon souhait de devenir ingénieur BlockChain, intégrer votre entreprise me permettrait ainsi d’acquérir un socle de connaissances plus pratique en plus d’un enseignement théorique suivi jusqu’à présent.                                                                                                                                                              </p>
<p style="text-align:justify;">J’ai su acquérir de solides compétences techniques notamment lors de projets réalisés en classe ou même durant des séances de travaux pratiques en binôme ce qui m’a permis de développer mon sens du travail d’équipe. Mes capacités d’adaptation me permettront d’être immédiatement opérationnel au sein de votre structure. Il me tient toujours à cœur de démontrer mon professionnalisme et je souhaite vivement que vous m’offriez cette opportunité.                                                                                                                                         </p>
<p style="text-align:justify;">Lors de mon stage d’observation dans l’entreprise Orange, j’ai pu découvrir les métiers liés à l’informatique en passant par la création de sites intranet pour les employés à sécurisation de bases de données. A la suite de ce stage j’ai surtout compris qu’évoluer dans ces métiers de l'informatique serait tout d’abord synonyme d’épanouissement pour moi, mais c’est aussi une manière de participer à la création du futur.</p>
<p style="text-align:justify;"> </p>
<p style="text-align:justify;">Si mon profil vous intéresse, rencontrons-nous.</p>
<p style="text-align:justify;">Veuillez agréer l'expression de mes meilleures salutations                                                                      Elyes Aïssat</p>
    </div>




        
    </div>
</div>
</div><div id="user_block_136990"><div class="bt-image gridstackblock card card-secondary clearfix" id="user_blockinstance_136990">
    
        <div class="block-header d-none">
    
        <a class="commentlink" href="#" title="">
        
            
                <span class="icon icon-plus" title="Commentaires et les détails"></span>
                Ajouter un commentaire
                <span class="bh-margin-left icon icon-search-plus"></span>
                Détails
            
        
        </a>
    
</div>

    
    
    
        
    

    <div class="no-heading block" id="user_blockinstance_136990_target">
        
        
            <div class="imageblock card-body">
    <div class="image">
        
        <a class="modal_link" href="#">
            <img rel="leap2:has_part" href="portfolio:artefact90150" alt="Diapositive2.JPG" title="Diapositive2.JPG" />
        </a>
        
    </div>

    
</div>

        
    </div>
</div>
</div><div id="user_block_136139"><div class="bt-resumefield gridstackblock card card-secondary clearfix" id="user_blockinstance_136139">
    
    
    
        <h2 class="title card-header js-heading">
            

            <span class="collapse-inline">
                Centres d'intérêt
                
            </span>

            

        </h2>
    

    <div class="block" id="user_blockinstance_136139_target">
        
        
            
    
    <div class="card-body flush">
        <p>J'adore la musique, je suis incrit au conservatoire de Châtillon depuis que j'ai 6 ans. Je fais du violon à l'orchestre symphonique du conservatoire de Châtillon. J'apprend aussi au jouer du piano. Ce que j'aime dans la musique c'est que c'est un univers très vaste, je m'inscrit tout le temps à des stages pour découvrir des nouveaux musiciens et élargir ma culture musicale. Comme je regarde des animés et des mangas j'aime les rejouer les musiques que j'entend au piano !</p>
<p>En dehors de la musique, j'aime aussi beaucoup le sport. Etant plus jeune j'ai fait du tennis de table et de la plongée sub aquatique. Aujourd'hui lorsque j'ai du temps libre à consacrer je fais du street Basketball avec mes amis, j'aime me mettre au défi en affronatnt des nouveaux joueurs sur le playground.</p>
<p>L'informatique et les nouvelles technologies me fascinent beaucoup, je cherche toujours à en apprendre d'avantage. Sinon je m'intéresse aussi beacoup aux cryptomonnaies et j'ai regarder des animés.</p>
<p> </p>
    </div>




        
    </div>
</div>
</div><div id="user_block_136142"><div class="bt-resumefield gridstackblock card card-secondary clearfix" id="user_blockinstance_136142">
    
    
    
        <h2 class="title card-header js-heading">
            

            <span class="collapse-inline">
                 Compétences personnelles
                
            </span>

            

        </h2>
    

    <div class="block" id="user_blockinstance_136142_target">
        
        
            
    <div class="card-body flush">
<p>La remise en question de sois m'a permi d'en <strong>appprendre beaucoup plus sur moi même</strong>. Ainsi, afin de faciliter la réalisation de mes <span style="text-decoration:underline;"><strong>objectifs personnels</strong></span>, j'ai réussi à me développer, au travers de <span style="text-decoration:underline;">différents types d'activités</span> et compétences telles que :</p>
<p><strong>• </strong>Pour les activités <span style="text-decoration:underline;">en équipe</span> : En effectuant des travaux de groupes avec des personnes inconnues j’ai appris à <strong>m’ouvrir </strong>et à <strong>collaborer</strong>. Un <strong>sens du travail en équipe</strong>, un bon mental, de la ténacité, de la persévérance, de la <strong>rigueur </strong>et de la maîtrise de soi sont des qualités qui m'ont été utiles pour mener à bien un projet <strong>dans la bonne humeur et la cohésion</strong>.</p>
<p><strong>•</strong> Tandis que les activités de <span style="text-decoration:underline;">type artistiques</span> m’ont permises d’avoir de la créativité, une ouverture d’esprit. Cela m'a nottament permis d'être plus à l'aise face à un public. La timidité ne fait plus partie de moi !</p>
<p><strong>•</strong> Enfin, les activités de <span style="text-decoration:underline;">type personnelles</span> m’ont permises d’acquérir : une <strong>capacité d’analyse</strong> et de résolution de problèmes, de la <strong>curiosité</strong>, du <strong>sang froid </strong>et de <strong>l’organisation</strong>.</p>


</div>



        
    </div>
</div>
</div><div id="user_block_136138"><div class="bt-resumefield gridstackblock card card-secondary clearfix" id="user_blockinstance_136138">
    
    
    
        <h2 class="title card-header js-heading">
            

            <span class="collapse-inline">
                 Objectifs académiques
                
            </span>

            

        </h2>
    

    <div class="block" id="user_blockinstance_136138_target">
        
        
            
    <div class="card-body flush">
<p>Mon objectif académique principal est de <strong>réussis mes études</strong>, Cela passe par:</p>
<p><strong>• </strong>Obtenir des <strong>certifications </strong>(Cisco, Voltaire, Microsoft)</p>
<p><strong>• </strong>M'améliorer en <strong>dévellopement web</strong></p>
<p><strong>•</strong> M'habituer à l'utilisation de l'OS <strong>Linux</strong> ainsi que le <strong>BASH</strong>.</p>
<p>Au dessus de tout je veux devenir le <strong>meilleur de ma promotion</strong> pour faire ma deuxième année en <strong>alternance </strong>et avoir un bon dossier pour pouvoir ensuite intégrer une bonne école d'ingénieur.</p>


</div>



        
    </div>
</div>
</div><div id="user_block_136141"><div class="bt-resumefield gridstackblock card card-secondary clearfix" id="user_blockinstance_136141">
    
    
    
        <h2 class="title card-header js-heading">
            

            <span class="collapse-inline">
                Objectifs personnels
                
            </span>

            

        </h2>
    

    <div class="block" id="user_blockinstance_136141_target">
        
        
            
    <div class="card-body flush">
<p>En dehors de ma réussite professionelle, l'envie de découvrir de nouvelles choses et de les maîtriser sont mes principales <strong>motivations</strong>, voici alors je que j'aimerais accomplir:</p>
<p><strong>•</strong> <strong>Découvrir </strong>le monde</p>
<p><strong>• </strong>Rejoindre un prestigieux orchestre</p>
<p><strong>• Devenir indépendant </strong></p>
<p>Ces objectifs sont pour moi un moyen de découvrir de nouvelles cultures en faisant de <strong>nouvelles rencontres</strong> sans aucunes contraintes sociales, et pouvoir pratiquer mes <strong>passions tranquillement</strong>.</p>


</div>



        
    </div>
</div>
</div><div id="user_block_136143"><div class="bt-resumefield gridstackblock card card-secondary clearfix" id="user_blockinstance_136143">
    
    
    
        <h2 class="title card-header js-heading">
            

            <span class="collapse-inline">
                Compétences académiques
                
            </span>

            

        </h2>
    

    <div class="block" id="user_blockinstance_136143_target">
        
        
            
    <div class="card-body flush">
<p>Que ce soit au lycée, durant la vie étudiante ou dans le cadre du monde du travail, il nous est souvent demandé de réaliser des taches (présentations, comptes-rendus...). C'est pourquoi la maitrise de logiciels est <strong>primordiale </strong>pour accomplir ces demandes. Ainsi, avec le temps j'ai appris à maitriser plusieurs logiciels :</p>
<p>• La <strong>suite office</strong> comprenant Word et Power Point.</p>
<p>• Languages de programmation : Python, Java, C...</p>
<p>• Logiciels de virtualisation comme <strong>VirtualBox </strong>(Debian, Ubuntu...) et l'<strong>OS Windows</strong></p>
<p>• Quelques bases en montage photo</p>
<p> </p>
<p>Tout ces outils m'ont permis à la fois de réaliser mes projets de façon <strong>propre </strong>et <strong>présentables</strong>, mais l'atout principal est le <strong>gain de temps </strong>que m'apporte cette maitrise. </p>


</div>



        
    </div>
</div>
</div><div id="user_block_136136"><div class="bt-resumefield gridstackblock card card-secondary clearfix" id="user_blockinstance_136136">
    
    
    
        <h2 class="title card-header js-heading">
            

            <span class="collapse-inline">
                 Objectifs de carrière
                
            </span>

            

        </h2>
    

    <div class="block" id="user_blockinstance_136136_target">
        
        
            
    <div class="card-body flush">
<p>Mes objectifs de carrière sont pour moi une source de <strong>motivation </strong>mais avant tout <strong>l'accomplissement </strong>d'un souhait très fort. C'est pourquoi je les classerais par périodes :</p>
<p>• D'ici environ 5 ans : Apès avoir terminé mon <strong>DUT </strong>Réseau et Télecom, j'irais en <strong>école d'ingénieur </strong>afin de devenir ingénieur <strong>BlockChain</strong>. </p>
<p>• Dans un premier temps, je travaillerais alors en entreprise en tant qu'ingénieur Blockchain.</p>
<p>• Par la suite j'aimerais continuer ma carrière à <strong>l'étranger </strong>dans les pays du continent Asiatique.</p>
<p>• Et enfin je souhaiterais <strong>vivre à mon compte</strong> en ouvrant ma propre entreprise et <strong>m'installer durablement à l'étranger</strong>...</p>


</div>



        
    </div>
</div>
</div><div id="user_block_136989"><div class="bt-image gridstackblock card card-secondary clearfix" id="user_blockinstance_136989">
    
        <div class="block-header d-none">
    
        <a class="commentlink" href="#" title="">
        
            
                <span class="icon icon-plus" title="Commentaires et les détails"></span>
                Ajouter un commentaire
                <span class="bh-margin-left icon icon-search-plus"></span>
                Détails
            
        
        </a>
    
</div>

    
    
    
        
    

    <div class="no-heading block" id="user_blockinstance_136989_target">
        
        
            <div class="imageblock card-body">
    <div class="image">
        
        <a class="modal_link" href="#">
            <img rel="leap2:has_part" href="portfolio:artefact90149" alt="Diapositive3.JPG" title="Diapositive3.JPG" />
        </a>
        
    </div>

    
</div>

        
    </div>
</div>
</div><div id="user_block_136154"><div class="bt-blog gridstackblock card card-secondary clearfix" id="user_blockinstance_136154">
    
    
    
        <h2 class="title card-header js-heading">
            

            <span class="collapse-inline">
                Compte rendu de la SAE
                
            </span>

            

        </h2>
    

    <div class="block" id="user_blockinstance_136154_target">
        
        
            <div class="blog">
    
    

    
    <div class="details-before-list-group">
    
    
        <p class="text-midtone description">
            </p><p>Dans ce journal, vous trouverez un rapide compte rendu explicatif de mon avancée sur le projet</p>
        
    
    
    
    </div>
    

    
        <div id="user_postlist_136154" class="fullwidth list-group">
          

    
        
    
    <div class="block-header d-none btn-top-right btn-group-top bh-displayiconsonly">
    
        <a class="modal_link list-group-heading btn btn-secondary" href="#" title="Détails">
            <span class="icon icon-search-plus bh-details-only" title="Détails"></span>
            
        </a>
    
</div>


    <div class="list-group-item clearfix flush">
        <div class="post-heading">
            <h3 class="list-group-item-heading title">
                
                    <a class="modal_link" href="#">
                        Semaine 4
                    </a>
                
            </h3>
            <div class="postdetails text-small text-midtone">
                <span class="icon icon-regular icon-calendar-alt left"></span>
                Écrit par Elyes Aissat le 16 October 2022, 16:05
                
                    <br />
                    <span class="icon icon-regular icon-calendar-alt left"></span>
                    Dernière mise à jour Sunday 16 October 2022, 17:04
                
            </div>
            
        </div>

        <div class="content-text">
            <p>Durant cette dernière séance d'autonomie j'ai finalisé mon porfollio numérique en complétant les dernières informations qu'ils me manquaient et j'ai ajouté ma vidéo de présentation.</p>
<p>Il ne reste plus qu'à présenter le projet !</p>
        </div>

        
    </div>


    
        
    
    <div class="block-header d-none btn-top-right btn-group-top bh-displayiconsonly">
    
        <a class="modal_link list-group-heading btn btn-secondary" href="#" title="Détails">
            <span class="icon icon-search-plus bh-details-only" title="Détails"></span>
            
        </a>
    
</div>


    <div class="list-group-item clearfix flush">
        <div class="post-heading">
            <h3 class="list-group-item-heading title">
                
                    <a class="modal_link" href="#">
                        Semaine 3
                    </a>
                
            </h3>
            <div class="postdetails text-small text-midtone">
                <span class="icon icon-regular icon-calendar-alt left"></span>
                Écrit par Elyes Aissat le 16 October 2022, 16:05
                
                    <br />
                    <span class="icon icon-regular icon-calendar-alt left"></span>
                    Dernière mise à jour Sunday 16 October 2022, 17:01
                
            </div>
            
        </div>

        <div class="content-text">
            <p>Durant cette tout première séance en autonomie (4 heure), j'ai suivi les consignes inscrites dans le cahier des charges en complétant mon profil : remplissage du Curriculum-Vitae ; création d'un blog, création d'une page, ajout d'une partie en anglais ou encore d'une collection.</p>
        </div>

        
    </div>


    
        
    
    <div class="block-header d-none btn-top-right btn-group-top bh-displayiconsonly">
    
        <a class="modal_link list-group-heading btn btn-secondary" href="#" title="Détails">
            <span class="icon icon-search-plus bh-details-only" title="Détails"></span>
            
        </a>
    
</div>


    <div class="list-group-item clearfix flush">
        <div class="post-heading">
            <h3 class="list-group-item-heading title">
                
                    <a class="modal_link" href="#">
                        Semaine 2
                    </a>
                
            </h3>
            <div class="postdetails text-small text-midtone">
                <span class="icon icon-regular icon-calendar-alt left"></span>
                Écrit par Elyes Aissat le 16 October 2022, 16:05
                
                    <br />
                    <span class="icon icon-regular icon-calendar-alt left"></span>
                    Dernière mise à jour Sunday 16 October 2022, 16:58
                
            </div>
            
        </div>

        <div class="content-text">
            <p><span style="font-size:1rem;">Cette séance qui s'est déroulée en TP m'a permis decouvrir Mahara, j'ai alors pris connaissances des foctionnalités afin de voir comment créer une page et y ajouter du contenu (texte, image, vidéo, dossier...). Mon portfolio doit être complété dans un délais imparti (semaine 42) selon un cahier des charges très précis qui nous a été transmis.</span></p>
        </div>

        
    </div>


    
        
    
    <div class="block-header d-none btn-top-right btn-group-top bh-displayiconsonly">
    
        <a class="modal_link list-group-heading btn btn-secondary" href="#" title="Détails">
            <span class="icon icon-search-plus bh-details-only" title="Détails"></span>
            
        </a>
    
</div>


    <div class="list-group-item clearfix flush">
        <div class="post-heading">
            <h3 class="list-group-item-heading title">
                
                    <a class="modal_link" href="#">
                        Semaine 1
                    </a>
                
            </h3>
            <div class="postdetails text-small text-midtone">
                <span class="icon icon-regular icon-calendar-alt left"></span>
                Écrit par Elyes Aissat le 16 October 2022, 16:04
                
                    <br />
                    <span class="icon icon-regular icon-calendar-alt left"></span>
                    Dernière mise à jour Sunday 16 October 2022, 16:56
                
            </div>
            
            <div class="tags text-small text-midtone">
                <span class="icon icon-tags left"></span>
                Mots-clés: <a class="tag" href="https://eportfolio.u-pec.fr/tags.php?tag=Semaine+1">Semaine 1</a>
            </div>
            
        </div>

        <div class="content-text">
            <p><span style="font-size:1rem;">Une SAE est une situation d'apprentissage évaluée. Le thème de celle-ci est "Se présenter sur Internet" . </span></p>
<p>Lors de la séance en amphithéâtre, j'ai appris que nous devions réaliser une vidéo et Mme Santucci nous a montré qu'est-ce qui est important pour la vidéo (gestuelle, contenu, cadre...) et quelles sont les erreurs à ne pas faire.</p>
        </div>

        
        <div class="has-attachment card collapsible" id="user_blockpostfiles-89635">
            <div class="card-header">
                <a class="text-left collapsed" href="#post-attach-89635">
                    <span class="icon icon-paperclip left icon-sm"></span>
                    <span class="text-small"> Fichiers joints </span>
                    <span class="metadata">(1)</span>
                    <span class="icon icon-chevron-down collapse-indicator float-right"></span>
                </a>
            </div>
            <div class="collapse" id="user_post-attach-89635">
                <ul class="list-group list-unstyled">
                
                    <li class="list-group-item">
                        <a class="modal_link file-icon-link" href="#">
                        
                            <span class="icon icon-file icon-lg text-default left file-icon"></span>
                        
                        </a>
                        <span class="title">
                        
                            <a class="modal_link" href="#">
                        
                                <span class="text-small">cahier des charges.pdf</span>
                        
                            </a>
                        
                        </span>
                        <a rel="leap2:has_part" href="portfolio:artefact89645" class="download-link">
                            <span class="icon icon-download icon-lg float-right text-watermark icon-action" title="Télécharger cahier des charges.pdf [390.4Ko]"></span>
                        </a>
                        
                    </li>
                
                </ul>
            </div>
        </div>
        
    </div>


        </div>
        
        <div id="user_blogpost_page_container_136154" class="d-none"><a href="https://eportfolio.u-pec.fr/view/view.php?id=31596&amp;modal=1&amp;artefact=%2089634">Tous les articles</a></div>
        
        
    
    
</div>

        
    </div>
</div>
</div></div></div></content>
        <rdf:type rdf:resource="leap2:selection"/>

        <link rel="leap2:has_part" href="portfolio:artefact89598"/>
        <link rel="leap2:has_part" href="portfolio:artefact89600"/>
        <link rel="leap2:has_part" href="portfolio:artefact89603"/>
        <link rel="leap2:has_part" href="portfolio:artefact89607"/>
        <link rel="leap2:has_part" href="portfolio:artefact86034"/>
        <link rel="leap2:has_part" href="portfolio:artefact89663"/>
        <link rel="leap2:has_part" href="portfolio:artefact90148"/>
        <link rel="leap2:has_part" href="portfolio:artefact89605"/>
        <link rel="leap2:has_part" href="portfolio:artefact90150"/>
        <link rel="leap2:has_part" href="portfolio:artefact87483"/>
        <link rel="leap2:has_part" href="portfolio:artefact87490"/>
        <link rel="leap2:has_part" href="portfolio:artefact87391"/>
        <link rel="leap2:has_part" href="portfolio:artefact87434"/>
        <link rel="leap2:has_part" href="portfolio:artefact87877"/>
        <link rel="leap2:has_part" href="portfolio:artefact87499"/>
        <link rel="leap2:has_part" href="portfolio:artefact90149"/>
        <link rel="leap2:has_part" href="portfolio:artefact89634"/>
        <link rel="leap2:has_part" href="portfolio:artefact89638"/>
        <link rel="leap2:has_part" href="portfolio:artefact89637"/>
        <link rel="leap2:has_part" href="portfolio:artefact89635"/>
        <link rel="leap2:has_part" href="portfolio:artefact89636"/>


        <category term="Webpage" scheme="categories:selection_type#"/>





        <mahara:view mahara:newlayout="1" mahara:type="portfolio" mahara:ownerformat="6">
        
            
            <mahara:blockinstance mahara:blocktype="image" mahara:blocktitle="PORTFOLIO" mahara:positionx="0" mahara:positiony="0" mahara:height="41" mahara:width="8">
                
                    
                    <mahara:artefactid>[&quot;portfolio:artefact89663&quot;]</mahara:artefactid>
                    
                
                    
                    <mahara:showdescription>[false]</mahara:showdescription>
                    
                
                    
                    <mahara:width>[&quot;&quot;]</mahara:width>
                    
                
                    
                    <mahara:retractable>[0]</mahara:retractable>
                    
                
                    
                    <mahara:retractedonload>[0]</mahara:retractedonload>
                    
                
                
                
            </mahara:blockinstance>
            
            <mahara:blockinstance mahara:blocktype="profileinfo" mahara:blocktitle="INDEX" mahara:positionx="8" mahara:positiony="0" mahara:height="23" mahara:width="4">
                
                    
                    <mahara:fields>[[]]</mahara:fields>
                    
                
                    
                    <mahara:artefactid>[&quot;portfolio:artefact86034&quot;]</mahara:artefactid>
                    
                
                    
                    <mahara:introtext>[&quot;&lt;p&gt;Bienvenue sur mon profil ! Vous y trouverez plusieurs informations telles que:&lt;\/p&gt;\r\n&lt;p&gt;&lt;strong&gt;&amp;bull; &lt;\/strong&gt;Une rapide pr&amp;eacute;sentation.&lt;\/p&gt;\r\n&lt;p&gt;&lt;strong&gt;&amp;bull; &lt;\/strong&gt;Ma lettre de motivation accompagn&amp;eacute; d&#039;une vid&amp;eacute;o.&lt;\/p&gt;\r\n&lt;p&gt;&lt;strong&gt;&amp;bull; &lt;\/strong&gt;Mes centres d&#039;int&amp;eacute;r&amp;ecirc;ts et objectifs.&lt;\/p&gt;\r\n&lt;p&gt;&lt;strong&gt;&amp;bull;&amp;nbsp;&lt;\/strong&gt;Mes certifications et dipl&amp;ocirc;mes.&lt;\/p&gt;\r\n&lt;p&gt;&lt;strong&gt;&amp;bull;&lt;\/strong&gt; Un compte rendu de la sa&amp;eacute; 14&lt;\/p&gt;&quot;]</mahara:introtext>
                    
                
                
                
            </mahara:blockinstance>
            
            <mahara:blockinstance mahara:blocktype="socialprofile" mahara:blocktitle="Réseaux Sociaux" mahara:positionx="8" mahara:positiony="23" mahara:height="9" mahara:width="4">
                
                    
                    <mahara:fields>[[&quot;socialprofile&quot;,&quot;socialprofile&quot;,&quot;socialprofile&quot;,&quot;socialprofile&quot;]]</mahara:fields>
                    
                
                
                
            </mahara:blockinstance>
            
            <mahara:blockinstance mahara:blocktype="navigation" mahara:blocktitle="In English Please !" mahara:positionx="8" mahara:positiony="32" mahara:height="15" mahara:width="4">
                
                    
                    <mahara:collection>[&quot;portfolio:collection4234&quot;]</mahara:collection>
                    
                
                    
                    <mahara:retractable>[0]</mahara:retractable>
                    
                
                    
                    <mahara:retractedonload>[0]</mahara:retractedonload>
                    
                
                
                
            </mahara:blockinstance>
            
            <mahara:blockinstance mahara:blocktype="text" mahara:blocktitle="Quelques mots sur moi" mahara:positionx="0" mahara:positiony="41" mahara:height="42" mahara:width="8">
                
                    
                    <mahara:text>[&quot;&lt;p style=\&quot;text-align: justify;\&quot;&gt;Bonjour &amp;agrave; tous ! Je m&amp;rsquo;appelle Elyes et je vais vous faire une petite pr&amp;eacute;sentation :&amp;nbsp;&lt;\/p&gt;\r\n&lt;p style=\&quot;text-align: justify;\&quot;&gt;&lt;br \/&gt;Alors, commen&amp;ccedil;ons ! Je m&#039;appelle Elyes A&amp;iuml;ssat. J&#039;ai 17 ans et j&#039;habite &amp;agrave;&amp;nbsp;&lt;span style=\&quot;color: #3d6de8;\&quot;&gt;&lt;a href=\&quot;https:\/\/www.google.com\/maps\/place\/92320+Ch%C3%A2tillon\/@48.8272021,2.2922937,11.35z\/data=!4m5!3m4!1s0x47e6709142522391:0x40b82c3688b3e60!8m2!3d48.804689!4d2.289387\&quot; target=\&quot;_blank\&quot; rel=\&quot;noopener\&quot;&gt;&lt;em&gt;Ch&amp;acirc;tillon&lt;\/em&gt;&lt;\/a&gt;&lt;\/span&gt; dans les Hauts-de-Seine. J&#039;ai une passion pour la musique, le sport et l&#039;informatique. Dans l&amp;rsquo;informatique, j&amp;rsquo;ai toujours aim&amp;eacute; faire des petits programmes qui permettent l&#039;automatisation de t&amp;acirc;ches, qu&amp;rsquo;elles destin&amp;eacute;es &amp;agrave; de la bureautique ou des jeux-vid&amp;eacute;os. Cette occupation m&amp;rsquo;a permis de m&amp;rsquo;initier aux r&amp;eacute;seaux informatique et &amp;agrave; la programmation logicielle.&lt;\/p&gt;\r\n&lt;p style=\&quot;text-align: justify;\&quot;&gt;&amp;nbsp;&lt;\/p&gt;\r\n&lt;p style=\&quot;text-align: justify;\&quot;&gt;Enfin dans un cadre scolaire, j&#039;ai obtenu mon Baccalaur&amp;eacute;at mention bien avec les sp&amp;eacute;cialit&amp;eacute;s : math&amp;eacute;matiques et sciences &amp;eacute;conomiques et sociales (ses) et g&amp;eacute;opolitique (uniquement en 1ere). Il est vrai que les sp&amp;eacute;cialit&amp;eacute;s g&amp;eacute;opolitique et SES peuvent sembler futiles,&amp;nbsp; mais elles m&#039;ont appris &amp;agrave; d&amp;eacute;velloper un esprit critique et apprendre &amp;agrave; d&amp;eacute;battre. Cela m&#039;a alors permis d&#039;am&amp;eacute;liorer mes comp&amp;eacute;tences en communication et m&#039;a apport&amp;eacute; une nouvelle vision du monde.&lt;\/p&gt;\r\n&lt;p style=\&quot;text-align: justify;\&quot;&gt;Maintenant, je suis en BUT R&amp;eacute;seaux et T&amp;eacute;l&amp;eacute;communications &amp;agrave; l&#039;IUT de Vitry. L&#039;ann&amp;eacute; prochaine je souhaite aller en Alternance. J&#039;ai choisi ces &amp;eacute;tudes nottament pour le c&amp;ocirc;t&amp;eacute; mise en pratique mais aussi parce que je souhaite poursuivre mes &amp;eacute;tudes dans le domaine de l&#039;informatique nottament dans la technologie&amp;nbsp;&lt;span style=\&quot;color: #3d6de8;\&quot;&gt;&lt;em&gt;&lt;a href=\&quot;https:\/\/blockchainfrance.net\/decouvrir-la-blockchain\/c-est-quoi-la-blockchain\/\&quot; target=\&quot;_blank\&quot; rel=\&quot;noopener\&quot;&gt;&lt;span style=\&quot;color: #3d6de8;\&quot;&gt;BlockChain&lt;\/span&gt;&lt;\/a&gt;&lt;\/em&gt;.&lt;\/span&gt;&lt;\/p&gt;&quot;]</mahara:text>
                    
                
                    
                    <mahara:instructions></mahara:instructions>
                    
                
                
                
            </mahara:blockinstance>
            
            <mahara:blockinstance mahara:blocktype="text" mahara:blocktitle="Mes Projets" mahara:positionx="8" mahara:positiony="47" mahara:height="10" mahara:width="4">
                
                    
                    <mahara:text>[&quot;&lt;p&gt;Gr&amp;acirc;ce &amp;agrave; la plateforme Github, j&#039;ai pu sauvegarder mes diff&amp;eacute;rents projets effectu&amp;eacute;s:&lt;\/p&gt;&quot;]</mahara:text>
                    
                
                    
                    <mahara:instructions></mahara:instructions>
                    
                
                
                
            </mahara:blockinstance>
            
            <mahara:blockinstance mahara:blocktype="image" mahara:blocktitle="" mahara:positionx="0" mahara:positiony="83" mahara:height="16" mahara:width="12">
                
                    
                    <mahara:artefactid>[&quot;portfolio:artefact90148&quot;]</mahara:artefactid>
                    
                
                    
                    <mahara:showdescription>[false]</mahara:showdescription>
                    
                
                    
                    <mahara:width>[&quot;&quot;]</mahara:width>
                    
                
                    
                    <mahara:retractable>[0]</mahara:retractable>
                    
                
                    
                    <mahara:retractedonload>[0]</mahara:retractedonload>
                    
                
                
                
            </mahara:blockinstance>
            
            <mahara:blockinstance mahara:blocktype="externalvideo" mahara:blocktitle="" mahara:positionx="3" mahara:positiony="99" mahara:height="31" mahara:width="6">
                
                    
                    <mahara:videoid>[&quot;&lt;iframe class=\&quot;externalvideoiframe\&quot; width=\&quot;560\&quot; height=\&quot;349\&quot; src=\&quot;https:\/\/www.youtube.com\/embed\/JZ8m?start=Her2wE\&quot; allowfullscreen=\&quot;1\&quot;&gt;&lt;\/iframe&gt;&quot;]</mahara:videoid>
                    
                
                    
                    <mahara:width>[&quot;560&quot;]</mahara:width>
                    
                
                    
                    <mahara:height>[&quot;349&quot;]</mahara:height>
                    
                
                    
                    <mahara:tags>[null]</mahara:tags>
                    
                
                    
                    <mahara:retractable>[0]</mahara:retractable>
                    
                
                    
                    <mahara:retractedonload>[0]</mahara:retractedonload>
                    
                
                    
                    <mahara:html>[&quot;&lt;iframe class=\&quot;externalvideoiframe\&quot; width=\&quot;560\&quot; height=\&quot;349\&quot; src=\&quot;https:\/\/www.youtube.com\/embed\/JZ8m?start=Her2wE\&quot; allowfullscreen=\&quot;1\&quot;&gt;&lt;\/iframe&gt;&quot;]</mahara:html>
                    
                
                
                
            </mahara:blockinstance>
            
            <mahara:blockinstance mahara:blocktype="resumefield" mahara:blocktitle="Lettre de motivation" mahara:positionx="0" mahara:positiony="130" mahara:height="51" mahara:width="12">
                
                    
                    <mahara:artefacttype>[&quot;coverletter&quot;]</mahara:artefacttype>
                    
                
                
                
            </mahara:blockinstance>
            
            <mahara:blockinstance mahara:blocktype="image" mahara:blocktitle="" mahara:positionx="0" mahara:positiony="181" mahara:height="15" mahara:width="12">
                
                    
                    <mahara:artefactid>[&quot;portfolio:artefact90150&quot;]</mahara:artefactid>
                    
                
                    
                    <mahara:showdescription>[false]</mahara:showdescription>
                    
                
                    
                    <mahara:width>[&quot;&quot;]</mahara:width>
                    
                
                    
                    <mahara:retractable>[0]</mahara:retractable>
                    
                
                    
                    <mahara:retractedonload>[0]</mahara:retractedonload>
                    
                
                
                
            </mahara:blockinstance>
            
            <mahara:blockinstance mahara:blocktype="resumefield" mahara:blocktitle="Centres d&#039;intérêt" mahara:positionx="0" mahara:positiony="196" mahara:height="25" mahara:width="9">
                
                    
                    <mahara:artefacttype>[&quot;interest&quot;]</mahara:artefacttype>
                    
                
                
                
            </mahara:blockinstance>
            
            <mahara:blockinstance mahara:blocktype="resumefield" mahara:blocktitle=" Compétences personnelles" mahara:positionx="0" mahara:positiony="221" mahara:height="48" mahara:width="4">
                
                    
                    <mahara:artefacttype>[&quot;personalskill&quot;]</mahara:artefacttype>
                    
                
                
                
            </mahara:blockinstance>
            
            <mahara:blockinstance mahara:blocktype="resumefield" mahara:blocktitle=" Objectifs académiques" mahara:positionx="4" mahara:positiony="221" mahara:height="25" mahara:width="4">
                
                    
                    <mahara:artefacttype>[&quot;academicgoal&quot;]</mahara:artefacttype>
                    
                
                
                
            </mahara:blockinstance>
            
            <mahara:blockinstance mahara:blocktype="resumefield" mahara:blocktitle="Objectifs personnels" mahara:positionx="8" mahara:positiony="221" mahara:height="27" mahara:width="4">
                
                    
                    <mahara:artefacttype>[&quot;personalgoal&quot;]</mahara:artefacttype>
                    
                
                
                
            </mahara:blockinstance>
            
            <mahara:blockinstance mahara:blocktype="resumefield" mahara:blocktitle="Compétences académiques" mahara:positionx="4" mahara:positiony="246" mahara:height="44" mahara:width="4">
                
                    
                    <mahara:artefacttype>[&quot;academicskill&quot;]</mahara:artefacttype>
                    
                
                
                
            </mahara:blockinstance>
            
            <mahara:blockinstance mahara:blocktype="resumefield" mahara:blocktitle=" Objectifs de carrière" mahara:positionx="8" mahara:positiony="248" mahara:height="36" mahara:width="4">
                
                    
                    <mahara:artefacttype>[&quot;careergoal&quot;]</mahara:artefacttype>
                    
                
                
                
            </mahara:blockinstance>
            
            <mahara:blockinstance mahara:blocktype="image" mahara:blocktitle="" mahara:positionx="0" mahara:positiony="290" mahara:height="16" mahara:width="12">
                
                    
                    <mahara:artefactid>[&quot;portfolio:artefact90149&quot;]</mahara:artefactid>
                    
                
                    
                    <mahara:showdescription>[false]</mahara:showdescription>
                    
                
                    
                    <mahara:width>[&quot;&quot;]</mahara:width>
                    
                
                    
                    <mahara:retractable>[0]</mahara:retractable>
                    
                
                    
                    <mahara:retractedonload>[0]</mahara:retractedonload>
                    
                
                
                
            </mahara:blockinstance>
            
            <mahara:blockinstance mahara:blocktype="blog" mahara:blocktitle="Compte rendu de la SAE" mahara:positionx="0" mahara:positiony="306" mahara:height="66" mahara:width="12">
                
                    
                    <mahara:artefactid>[&quot;portfolio:artefact89634&quot;]</mahara:artefactid>
                    
                
                    
                    <mahara:count>[&quot;5&quot;]</mahara:count>
                    
                
                    
                    <mahara:copytype>[&quot;nocopy&quot;]</mahara:copytype>
                    
                
                    
                    <mahara:retractable>[0]</mahara:retractable>
                    
                
                    
                    <mahara:retractedonload>[0]</mahara:retractedonload>
                    
                
                
                
            </mahara:blockinstance>
            
        
        </mahara:view>
    </entry>

    <entry>
        <title>index.jpg</title>
        <id>portfolio:artefact86034</id>

        <updated>2022-09-19T09:09:46+02:00</updated>
        <published>2022-09-19T09:09:46+02:00</published>

        <summary type="">Télécharger une image pour le profil</summary>


        <content type="xhtml"><div xmlns="http://www.w3.org/1999/xhtml"><div></div></div></content>
        <rdf:type rdf:resource="leap2:resource"/>
        <mahara:artefactplugin mahara:type="profileicon" mahara:plugin="file"/>
        <link rel="enclosure" type="image/jpeg" href="export_info/files/86034-index.jpg"/>
        <link rel="leap2:is_part_of" href="portfolio:view31596"/>
        <link rel="related" href="portfolio:artefactinternal"/>


        <category term="Offline" scheme="categories:resource_type#" label="File"/>




    </entry>


    <entry>
        <title>Objectifs de carrière</title>
        <id>portfolio:artefact87391</id>

        <updated>2022-10-21T10:10:33+02:00</updated>
        <published>2022-09-26T10:10:09+02:00</published>




        <content type="xhtml"><div xmlns="http://www.w3.org/1999/xhtml"><div><p>Mes objectifs de carrière sont pour moi une source de <strong>motivation </strong>mais avant tout <strong>l'accomplissement </strong>d'un souhait très fort. C'est pourquoi je les classerais par périodes :</p>
<p>• D'ici environ 5 ans : Apès avoir terminé mon <strong>DUT </strong>Réseau et Télecom, j'irais en <strong>école d'ingénieur </strong>afin de devenir ingénieur <strong>BlockChain</strong>. </p>
<p>• Dans un premier temps, je travaillerais alors en entreprise en tant qu'ingénieur Blockchain.</p>
<p>• Par la suite j'aimerais continuer ma carrière à <strong>l'étranger </strong>dans les pays du continent Asiatique.</p>
<p>• Et enfin je souhaiterais <strong>vivre à mon compte</strong> en ouvrant ma propre entreprise et <strong>m'installer durablement à l'étranger</strong>...</p></div></div></content>
        <rdf:type rdf:resource="leap2:entry"/>
        <mahara:artefactplugin mahara:type="careergoal" mahara:plugin="resume"/>
        <link rel="leap2:is_part_of" href="portfolio:view31596"/>






    </entry>


    <entry>
        <title>Objectifs académiques</title>
        <id>portfolio:artefact87434</id>

        <updated>2022-10-21T10:10:09+02:00</updated>
        <published>2022-09-26T10:10:07+02:00</published>




        <content type="xhtml"><div xmlns="http://www.w3.org/1999/xhtml"><div><p>Mon objectif académique principal est de <strong>réussis mes études</strong>, Cela passe par:</p>
<p><strong>• </strong>Obtenir des <strong>certifications </strong>(Cisco, Voltaire, Microsoft)</p>
<p><strong>• </strong>M'améliorer en <strong>dévellopement web</strong></p>
<p><strong>•</strong> M'habituer à l'utilisation de l'OS <strong>Linux</strong> ainsi que le <strong>BASH</strong>.</p>
<p>Au dessus de tout je veux devenir le <strong>meilleur de ma promotion</strong> pour faire ma deuxième année en <strong>alternance </strong>et avoir un bon dossier pour pouvoir ensuite intégrer une bonne école d'ingénieur.</p></div></div></content>
        <rdf:type rdf:resource="leap2:entry"/>
        <mahara:artefactplugin mahara:type="academicgoal" mahara:plugin="resume"/>
        <link rel="leap2:is_part_of" href="portfolio:view31596"/>






    </entry>


    <entry>
        <title>Centres d&#039;intérêt</title>
        <id>portfolio:artefact87483</id>

        <updated>2022-10-21T10:10:20+02:00</updated>
        <published>2022-09-26T11:11:22+02:00</published>




        <content type="xhtml"><div xmlns="http://www.w3.org/1999/xhtml"><div><p>J'adore la musique, je suis incrit au conservatoire de Châtillon depuis que j'ai 6 ans. Je fais du violon à l'orchestre symphonique du conservatoire de Châtillon. J'apprend aussi au jouer du piano. Ce que j'aime dans la musique c'est que c'est un univers très vaste, je m'inscrit tout le temps à des stages pour découvrir des nouveaux musiciens et élargir ma culture musicale. Comme je regarde des animés et des mangas j'aime les rejouer les musiques que j'entend au piano !</p>
<p>En dehors de la musique, j'aime aussi beaucoup le sport. Etant plus jeune j'ai fait du tennis de table et de la plongée sub aquatique. Aujourd'hui lorsque j'ai du temps libre à consacrer je fais du street Basketball avec mes amis, j'aime me mettre au défi en affronatnt des nouveaux joueurs sur le playground.</p>
<p>L'informatique et les nouvelles technologies me fascinent beaucoup, je cherche toujours à en apprendre d'avantage. Sinon je m'intéresse aussi beacoup aux cryptomonnaies et j'ai regarder des animés.</p>
<p> </p></div></div></content>
        <rdf:type rdf:resource="leap2:entry"/>
        <mahara:artefactplugin mahara:type="interest" mahara:plugin="resume"/>
        <link rel="leap2:is_part_of" href="portfolio:view31596"/>






    </entry>


    <entry>
        <title>Objectifs personnels</title>
        <id>portfolio:artefact87490</id>

        <updated>2022-10-21T10:10:08+02:00</updated>
        <published>2022-09-26T11:11:36+02:00</published>




        <content type="xhtml"><div xmlns="http://www.w3.org/1999/xhtml"><div><p>En dehors de ma réussite professionelle, l'envie de découvrir de nouvelles choses et de les maîtriser sont mes principales <strong>motivations</strong>, voici alors je que j'aimerais accomplir:</p>
<p><strong>•</strong> <strong>Découvrir </strong>le monde</p>
<p><strong>• </strong>Rejoindre un prestigieux orchestre</p>
<p><strong>• Devenir indépendant </strong></p>
<p>Ces objectifs sont pour moi un moyen de découvrir de nouvelles cultures en faisant de <strong>nouvelles rencontres</strong> sans aucunes contraintes sociales, et pouvoir pratiquer mes <strong>passions tranquillement</strong>.</p></div></div></content>
        <rdf:type rdf:resource="leap2:entry"/>
        <mahara:artefactplugin mahara:type="personalgoal" mahara:plugin="resume"/>
        <link rel="leap2:is_part_of" href="portfolio:view31596"/>






    </entry>


    <entry>
        <title>Compétences personnelles</title>
        <id>portfolio:artefact87499</id>

        <updated>2022-10-21T10:10:42+02:00</updated>
        <published>2022-09-26T11:11:49+02:00</published>




        <content type="xhtml"><div xmlns="http://www.w3.org/1999/xhtml"><div><p>La remise en question de sois m'a permi d'en <strong>appprendre beaucoup plus sur moi même</strong>. Ainsi, afin de faciliter la réalisation de mes <span style="text-decoration:underline;"><strong>objectifs personnels</strong></span>, j'ai réussi à me développer, au travers de <span style="text-decoration:underline;">différents types d'activités</span> et compétences telles que :</p>
<p><strong>• </strong>Pour les activités <span style="text-decoration:underline;">en équipe</span> : En effectuant des travaux de groupes avec des personnes inconnues j’ai appris à <strong>m’ouvrir </strong>et à <strong>collaborer</strong>. Un <strong>sens du travail en équipe</strong>, un bon mental, de la ténacité, de la persévérance, de la <strong>rigueur </strong>et de la maîtrise de soi sont des qualités qui m'ont été utiles pour mener à bien un projet <strong>dans la bonne humeur et la cohésion</strong>.</p>
<p><strong>•</strong> Tandis que les activités de <span style="text-decoration:underline;">type artistiques</span> m’ont permises d’avoir de la créativité, une ouverture d’esprit. Cela m'a nottament permis d'être plus à l'aise face à un public. La timidité ne fait plus partie de moi !</p>
<p><strong>•</strong> Enfin, les activités de <span style="text-decoration:underline;">type personnelles</span> m’ont permises d’acquérir : une <strong>capacité d’analyse</strong> et de résolution de problèmes, de la <strong>curiosité</strong>, du <strong>sang froid </strong>et de <strong>l’organisation</strong>.</p></div></div></content>
        <rdf:type rdf:resource="leap2:ability"/>
        <mahara:artefactplugin mahara:type="personalskill" mahara:plugin="resume"/>
        <link rel="leap2:is_part_of" href="portfolio:view31596"/>






    </entry>


    <entry>
        <title>Compétences académiques</title>
        <id>portfolio:artefact87877</id>

        <updated>2022-10-21T10:10:16+02:00</updated>
        <published>2022-09-29T14:02:41+02:00</published>




        <content type="xhtml"><div xmlns="http://www.w3.org/1999/xhtml"><div><p>Que ce soit au lycée, durant la vie étudiante ou dans le cadre du monde du travail, il nous est souvent demandé de réaliser des taches (présentations, comptes-rendus...). C'est pourquoi la maitrise de logiciels est <strong>primordiale </strong>pour accomplir ces demandes. Ainsi, avec le temps j'ai appris à maitriser plusieurs logiciels :</p>
<p>• La <strong>suite office</strong> comprenant Word et Power Point.</p>
<p>• Languages de programmation : Python, Java, C...</p>
<p>• Logiciels de virtualisation comme <strong>VirtualBox </strong>(Debian, Ubuntu...) et l'<strong>OS Windows</strong></p>
<p>• Quelques bases en montage photo</p>
<p> </p>
<p>Tout ces outils m'ont permis à la fois de réaliser mes projets de façon <strong>propre </strong>et <strong>présentables</strong>, mais l'atout principal est le <strong>gain de temps </strong>que m'apporte cette maitrise. </p></div></div></content>
        <rdf:type rdf:resource="leap2:ability"/>
        <mahara:artefactplugin mahara:type="academicskill" mahara:plugin="resume"/>
        <link rel="leap2:is_part_of" href="portfolio:view31596"/>






    </entry>


    <entry>
        <title>Lettre de motivation</title>
        <id>portfolio:artefact89605</id>

        <updated>2022-10-17T18:06:14+02:00</updated>
        <published>2022-10-16T14:02:26+02:00</published>




        <content type="xhtml"><div xmlns="http://www.w3.org/1999/xhtml"><div><p><strong>Objet :</strong> Demande de contrat en alternance.</p>
<p> </p>
<p>Madame, Monsieur,                                                                                                                        </p>
<p style="text-align:justify;"><span style="font-family:'Open Sans';">Actuellement étudiant en première année à l’IUT de l’Université Paris-Est Créteil sur le site de Vitry-Sur-Seine en Bachelor Universitaire et Technologique Réseaux et Télécommunications, je suis très attaché et passionné par cette discipline qui ne cesse de se développer. Depuis mon plus jeune âge, j’éprouve un fort intérêt pour tout ce qui touche de près ou de loin aux nouvelles technologies et à l’informatique.                                              </span></p>
<p style="text-align:justify;">C’est alors tout naturellement que je vous écris pour pouvoir effectuer ma deuxième année en alternance. Pour mieux me préparer à mon souhait de devenir ingénieur BlockChain, intégrer votre entreprise me permettrait ainsi d’acquérir un socle de connaissances plus pratique en plus d’un enseignement théorique suivi jusqu’à présent.                                                                                                                                                              </p>
<p style="text-align:justify;">J’ai su acquérir de solides compétences techniques notamment lors de projets réalisés en classe ou même durant des séances de travaux pratiques en binôme ce qui m’a permis de développer mon sens du travail d’équipe. Mes capacités d’adaptation me permettront d’être immédiatement opérationnel au sein de votre structure. Il me tient toujours à cœur de démontrer mon professionnalisme et je souhaite vivement que vous m’offriez cette opportunité.                                                                                                                                         </p>
<p style="text-align:justify;">Lors de mon stage d’observation dans l’entreprise Orange, j’ai pu découvrir les métiers liés à l’informatique en passant par la création de sites intranet pour les employés à sécurisation de bases de données. A la suite de ce stage j’ai surtout compris qu’évoluer dans ces métiers de l'informatique serait tout d’abord synonyme d’épanouissement pour moi, mais c’est aussi une manière de participer à la création du futur.</p>
<p style="text-align:justify;"> </p>
<p style="text-align:justify;">Si mon profil vous intéresse, rencontrons-nous.</p>
<p style="text-align:justify;">Veuillez agréer l'expression de mes meilleures salutations                                                                      Elyes Aïssat</p></div></div></content>
        <rdf:type rdf:resource="leap2:entry"/>
        <mahara:artefactplugin mahara:type="coverletter" mahara:plugin="resume"/>
        <link rel="leap2:is_part_of" href="portfolio:view31596"/>






    </entry>


    <entry>
        <title>SAE14 : Se présenter sur Internet</title>
        <id>portfolio:artefact89634</id>

        <updated>2022-10-16T16:04:19+02:00</updated>
        <published>2022-10-16T16:04:35+02:00</published>




        <content type="xhtml"><div xmlns="http://www.w3.org/1999/xhtml"><div><p>Dans ce journal, vous trouverez un rapide compte rendu explicatif de mon avancée sur le projet</p></div></div></content>
        <rdf:type rdf:resource="leap2:selection"/>
        <mahara:artefactplugin mahara:type="blog" mahara:plugin="blog"/>
        <link rel="leap2:is_part_of" href="portfolio:view31596"/>
        <link rel="leap2:has_part" href="portfolio:artefact89635"/>
        <link rel="leap2:has_part" href="portfolio:artefact89636"/>
        <link rel="leap2:has_part" href="portfolio:artefact89637"/>
        <link rel="leap2:has_part" href="portfolio:artefact89638"/>


        <category term="Blog" scheme="categories:selection_type#"/>




    </entry>


    <entry>
        <title>Semaine 1</title>
        <id>portfolio:artefact89635</id>

        <updated>2022-10-16T16:04:16+02:00</updated>
        <published>2022-10-16T16:04:36+02:00</published>




        <content type="xhtml"><div xmlns="http://www.w3.org/1999/xhtml"><div><p><span style="font-size:1rem;">Une SAE est une situation d'apprentissage évaluée. Le thème de celle-ci est "Se présenter sur Internet" . </span></p>
<p>Lors de la séance en amphithéâtre, j'ai appris que nous devions réaliser une vidéo et Mme Santucci nous a montré qu'est-ce qui est important pour la vidéo (gestuelle, contenu, cadre...) et quelles sont les erreurs à ne pas faire.</p></div></div></content>
        <rdf:type rdf:resource="leap2:entry"/>
        <mahara:artefactplugin mahara:type="blogpost" mahara:plugin="blog"/>
        <link rel="leap2:is_part_of" href="portfolio:view31596"/>
        <link rel="leap2:is_part_of" href="portfolio:artefact89634"/>
        <link rel="related" href="portfolio:artefact89645"/>


        <category term="Semaine-1" label="Semaine 1"/>




    </entry>


    <entry>
        <title>Semaine 2</title>
        <id>portfolio:artefact89636</id>

        <updated>2022-10-16T16:04:20+02:00</updated>
        <published>2022-10-16T16:04:22+02:00</published>




        <content type="xhtml"><div xmlns="http://www.w3.org/1999/xhtml"><div><p><span style="font-size:1rem;">Cette séance qui s'est déroulée en TP m'a permis decouvrir Mahara, j'ai alors pris connaissances des foctionnalités afin de voir comment créer une page et y ajouter du contenu (texte, image, vidéo, dossier...). Mon portfolio doit être complété dans un délais imparti (semaine 42) selon un cahier des charges très précis qui nous a été transmis.</span></p></div></div></content>
        <rdf:type rdf:resource="leap2:entry"/>
        <mahara:artefactplugin mahara:type="blogpost" mahara:plugin="blog"/>
        <link rel="leap2:is_part_of" href="portfolio:view31596"/>
        <link rel="leap2:is_part_of" href="portfolio:artefact89634"/>






    </entry>


    <entry>
        <title>Semaine 3</title>
        <id>portfolio:artefact89637</id>

        <updated>2022-10-16T17:05:18+02:00</updated>
        <published>2022-10-16T16:04:34+02:00</published>




        <content type="xhtml"><div xmlns="http://www.w3.org/1999/xhtml"><div><p>Durant cette tout première séance en autonomie (4 heure), j'ai suivi les consignes inscrites dans le cahier des charges en complétant mon profil : remplissage du Curriculum-Vitae ; création d'un blog, création d'une page, ajout d'une partie en anglais ou encore d'une collection.</p></div></div></content>
        <rdf:type rdf:resource="leap2:entry"/>
        <mahara:artefactplugin mahara:type="blogpost" mahara:plugin="blog"/>
        <link rel="leap2:is_part_of" href="portfolio:view31596"/>
        <link rel="leap2:is_part_of" href="portfolio:artefact89634"/>






    </entry>


    <entry>
        <title>Semaine 4</title>
        <id>portfolio:artefact89638</id>

        <updated>2022-10-16T17:05:14+02:00</updated>
        <published>2022-10-16T16:04:47+02:00</published>




        <content type="xhtml"><div xmlns="http://www.w3.org/1999/xhtml"><div><p>Durant cette dernière séance d'autonomie j'ai finalisé mon porfollio numérique en complétant les dernières informations qu'ils me manquaient et j'ai ajouté ma vidéo de présentation.</p>
<p>Il ne reste plus qu'à présenter le projet !</p></div></div></content>
        <rdf:type rdf:resource="leap2:entry"/>
        <mahara:artefactplugin mahara:type="blogpost" mahara:plugin="blog"/>
        <link rel="leap2:is_part_of" href="portfolio:view31596"/>
        <link rel="leap2:is_part_of" href="portfolio:artefact89634"/>






    </entry>


    <entry>
        <title>image portfolio.jpg</title>
        <id>portfolio:artefact89663</id>

        <updated>2022-10-16T17:05:45+02:00</updated>
        <published>2022-10-16T17:05:45+02:00</published>




        <content type="xhtml"><div xmlns="http://www.w3.org/1999/xhtml"><div></div></div></content>
        <rdf:type rdf:resource="leap2:resource"/>
        <mahara:artefactplugin mahara:type="image" mahara:plugin="file"/>
        <link rel="enclosure" type="image/jpeg" href="export_info/files/89663-image portfolio.jpg"/>
        <link rel="leap2:is_part_of" href="portfolio:view31596"/>


        <category term="Offline" scheme="categories:resource_type#" label="File"/>




    </entry>


    <entry>
        <title>Diapositive1.JPG.1</title>
        <id>portfolio:artefact90148</id>

        <updated>2022-10-20T20:08:15+02:00</updated>
        <published>2022-10-20T20:08:15+02:00</published>




        <content type="xhtml"><div xmlns="http://www.w3.org/1999/xhtml"><div></div></div></content>
        <rdf:type rdf:resource="leap2:resource"/>
        <mahara:artefactplugin mahara:type="image" mahara:plugin="file"/>
        <link rel="enclosure" type="image/jpeg" href="export_info/files/90148-Diapositive1.JPG.1"/>
        <link rel="leap2:is_part_of" href="portfolio:view31596"/>


        <category term="Offline" scheme="categories:resource_type#" label="File"/>




    </entry>


    <entry>
        <title>Diapositive3.JPG</title>
        <id>portfolio:artefact90149</id>

        <updated>2022-10-20T20:08:07+02:00</updated>
        <published>2022-10-20T20:08:07+02:00</published>




        <content type="xhtml"><div xmlns="http://www.w3.org/1999/xhtml"><div></div></div></content>
        <rdf:type rdf:resource="leap2:resource"/>
        <mahara:artefactplugin mahara:type="image" mahara:plugin="file"/>
        <link rel="enclosure" type="image/jpeg" href="export_info/files/90149-Diapositive3.JPG"/>
        <link rel="leap2:is_part_of" href="portfolio:view31596"/>


        <category term="Offline" scheme="categories:resource_type#" label="File"/>




    </entry>


    <entry>
        <title>Diapositive2.JPG</title>
        <id>portfolio:artefact90150</id>

        <updated>2022-10-20T20:08:31+02:00</updated>
        <published>2022-10-20T20:08:31+02:00</published>




        <content type="xhtml"><div xmlns="http://www.w3.org/1999/xhtml"><div></div></div></content>
        <rdf:type rdf:resource="leap2:resource"/>
        <mahara:artefactplugin mahara:type="image" mahara:plugin="file"/>
        <link rel="enclosure" type="image/jpeg" href="export_info/files/90150-Diapositive2.JPG"/>
        <link rel="leap2:is_part_of" href="portfolio:view31596"/>


        <category term="Offline" scheme="categories:resource_type#" label="File"/>




    </entry>


    <entry>
        <title>My English page.jpg</title>
        <id>portfolio:artefact90275</id>

        <updated>2022-10-21T10:10:23+02:00</updated>
        <published>2022-10-21T10:10:23+02:00</published>




        <content type="xhtml"><div xmlns="http://www.w3.org/1999/xhtml"><div></div></div></content>
        <rdf:type rdf:resource="leap2:resource"/>
        <mahara:artefactplugin mahara:type="image" mahara:plugin="file"/>
        <link rel="enclosure" type="image/jpeg" href="export_info/files/90275-My English page.jpg"/>
        <link rel="leap2:is_part_of" href="portfolio:view31597"/>


        <category term="Offline" scheme="categories:resource_type#" label="File"/>




    </entry>


    <entry>
        <title>4305486.jpg.2.jpg</title>
        <id>portfolio:artefact90278</id>

        <updated>2022-10-21T11:11:01+02:00</updated>
        <published>2022-10-21T11:11:01+02:00</published>




        <content type="xhtml"><div xmlns="http://www.w3.org/1999/xhtml"><div></div></div></content>
        <rdf:type rdf:resource="leap2:resource"/>
        <mahara:artefactplugin mahara:type="image" mahara:plugin="file"/>
        <link rel="enclosure" type="image/jpeg" href="export_info/files/90278-4305486.jpg.2.jpg"/>
        <link rel="leap2:is_part_of" href="portfolio:view31597"/>


        <category term="Offline" scheme="categories:resource_type#" label="File"/>




    </entry>


    <entry>
        <title>area.jpg</title>
        <id>portfolio:artefact90284</id>

        <updated>2022-10-21T11:11:01+02:00</updated>
        <published>2022-10-21T11:11:01+02:00</published>




        <content type="xhtml"><div xmlns="http://www.w3.org/1999/xhtml"><div></div></div></content>
        <rdf:type rdf:resource="leap2:resource"/>
        <mahara:artefactplugin mahara:type="image" mahara:plugin="file"/>
        <link rel="enclosure" type="image/jpeg" href="export_info/files/90284-area.jpg"/>
        <link rel="leap2:is_part_of" href="portfolio:view31597"/>


        <category term="Offline" scheme="categories:resource_type#" label="File"/>




    </entry>


    <entry>
        <title>cahier des charges.pdf</title>
        <id>portfolio:artefact89645</id>

        <updated>2022-10-16T16:04:21+02:00</updated>
        <published>2022-10-16T16:04:21+02:00</published>




        <content type="xhtml"><div xmlns="http://www.w3.org/1999/xhtml"><div></div></div></content>
        <rdf:type rdf:resource="leap2:resource"/>
        <mahara:artefactplugin mahara:type="file" mahara:plugin="file"/>
        <link rel="enclosure" type="application/pdf" href="export_info/files/89645-cahier des charges.pdf"/>


        <category term="Offline" scheme="categories:resource_type#" label="File"/>




    </entry>


    <entry>
        <title>Elyes Aissat</title>
        <id>portfolio:artefactinternal</id>

        <updated>2022-10-16T14:02:45+02:00</updated>





        <content></content>
        <rdf:type rdf:resource="leap2:person"/>
        <mahara:artefactplugin mahara:type="internal" mahara:plugin="internal"/>
        <link rel="related" href="portfolio:artefact86034"/>


        <category term="Self" scheme="categories:person_type#"/>






        <leap2:persondata
            mahara:artefactplugin="internal"
            mahara:artefacttype="socialprofile"

            leap2:field="website"

            leap2:label="Linkedin"

        >https://www.linkedin.com/in/elyes-aissat-665609251</leap2:persondata>

        <leap2:persondata
            mahara:artefactplugin="internal"
            mahara:artefacttype="socialprofile"

            leap2:field="website"

            leap2:label="GitHub"

        >https://github.com/elyeski</leap2:persondata>

        <leap2:persondata
            mahara:artefactplugin="internal"
            mahara:artefacttype="socialprofile"

            leap2:field="website"

            leap2:label="GitLab"

        >https://gitlab.com/elyeski</leap2:persondata>

        <leap2:persondata
            mahara:artefactplugin="internal"
            mahara:artefacttype="socialprofile"

            leap2:field="website"

            leap2:label="Adresse de couriel"

        >elyes.aissat@etu.u-pec.fr</leap2:persondata>


    </entry>

</feed>
