<?xml version="1.0" encoding="utf-8"?>
<feed xmlns="http://www.w3.org/2005/Atom"
    xmlns:rdf="http://www.w3.org/1999/02/22-rdf-syntax-ns#"
    xmlns:leap2="http://terms.leapspecs.org/"
    xmlns:categories="http://wiki.leapspecs.org/2A/categories/"
    xmlns:portfolio="https://eportfolio.u-pec.fr/export/leap/3536/1663572421/"
    xmlns:mahara="http://wiki.mahara.org/Developer_Area/Import%2F%2FExport/LEAP_Extensions#"
>
    <leap2:version>http://www.leapspecs.org/2010-07/2A/</leap2:version>
    <id>https://eportfolio.u-pec.fr/export/3536/1663572421</id>
    <title>Mahara Leap2A Export for Elyes AISSAT, 19/09/2022 09:27</title>
    <updated>2022-09-19T09:09:01+02:00</updated>
    <generator uri="https://mahara.org/" version="2008122400">Mahara</generator>
    <author>
        <name>Elyes AISSAT</name>
        <email>elyes.aissat@etu.u-pec.fr</email>
        <uri>portfolio:artefactinternal</uri>
    </author>

    <entry>
        <title>Découverte de Mahara</title>
        <id>portfolio:view30604</id>

        <updated>2022-09-19T09:09:53+02:00</updated>
        <published>2022-09-19T09:09:55+02:00</published>

        <summary type="xhtml"><div xmlns="http://www.w3.org/1999/xhtml"><div>Mes premiers pas sur Mahara</div></div></summary>

   <subtitle type="xhtml"><div xmlns="http://www.w3.org/1999/xhtml"><div></div></div></subtitle>
        <content type="xhtml"><div xmlns="http://www.w3.org/1999/xhtml"><div><div id="user_block_131271"><div class="bt-text gridstackblock card card-secondary clearfix" id="user_blockinstance_131271">
    
    
        <div class="block-header quick-edit d-none">
    <a class="modal_link list-group-heading" href="#" title="Édition rapide">
        <span class="icon icon-pencil-alt" title="Édition rapide"></span>
        Édition rapide
    </a>
</div>

    
    
        <h2 class="title card-header js-heading">
            

            <span class="collapse-inline">
                Bloc 1
                
            </span>

            

        </h2>
    

    <div class="block" id="user_blockinstance_131271_target">
        
        
            

<div class="textblock card-body flush">
<p>c'esrt le premier bloc de ma page "Découverte de Mahara "</p>
</div>


        
    </div>
</div>
</div><div id="user_block_131305"><div class="bt-image gridstackblock card card-secondary clearfix" id="user_blockinstance_131305">
    
        <div class="block-header d-none">
    
        <a class="commentlink" href="#" title="">
        
            
                <span class="icon icon-plus" title="Commentaires et les détails"></span>
                Ajouter un commentaire
                <span class="bh-margin-left icon icon-search-plus"></span>
                Détails
            
        
        </a>
    
</div>

    
    
    
        <h2 class="title card-header js-heading">
            

            <span class="collapse-inline">
                Bloc 2
                
            </span>

            

        </h2>
    

    <div class="block" id="user_blockinstance_131305_target">
        
        
            <div class="imageblock card-body">
    <div class="image">
        
        <a class="modal_link" href="#">
            <img rel="leap2:has_part" href="portfolio:artefact86011" alt="index.jpg" title="index.jpg" />
        </a>
        
    </div>

    
</div>

        
    </div>
</div>
</div></div></div></content>
        <rdf:type rdf:resource="leap2:selection"/>

        <link rel="leap2:has_part" href="portfolio:artefact86011"/>


        <category term="Webpage" scheme="categories:selection_type#"/>
        <category term="Mahara"/>
        <category term="test"/>





        <mahara:view mahara:newlayout="1" mahara:type="portfolio" mahara:ownerformat="6">
        
            
            <mahara:blockinstance mahara:blocktype="text" mahara:blocktitle="Bloc 1" mahara:positionx="0" mahara:positiony="0" mahara:height="11" mahara:width="2">
                
                    
                    <mahara:text>[&quot;&lt;p&gt;c&#039;esrt le premier bloc de ma page \&quot;D&amp;eacute;couverte de Mahara \&quot;&lt;\/p&gt;&quot;]</mahara:text>
                    
                
                    
                    <mahara:instructions></mahara:instructions>
                    
                
                
                
            </mahara:blockinstance>
            
            <mahara:blockinstance mahara:blocktype="image" mahara:blocktitle="Bloc 2" mahara:positionx="2" mahara:positiony="0" mahara:height="22" mahara:width="2">
                
                    
                    <mahara:artefactid>[&quot;portfolio:artefact86011&quot;]</mahara:artefactid>
                    
                
                    
                    <mahara:showdescription>[false]</mahara:showdescription>
                    
                
                    
                    <mahara:width>[&quot;&quot;]</mahara:width>
                    
                
                    
                    <mahara:retractable>[1]</mahara:retractable>
                    
                
                    
                    <mahara:retractedonload>[1]</mahara:retractedonload>
                    
                
                
                
            </mahara:blockinstance>
            
        
        </mahara:view>
    </entry>

    <entry>
        <title>index.jpg</title>
        <id>portfolio:artefact86011</id>

        <updated>2022-09-19T09:09:10+02:00</updated>
        <published>2022-09-19T09:09:10+02:00</published>




        <content type="xhtml"><div xmlns="http://www.w3.org/1999/xhtml"><div></div></div></content>
        <rdf:type rdf:resource="leap2:resource"/>
        <mahara:artefactplugin mahara:type="image" mahara:plugin="file"/>
        <link rel="enclosure" type="image/jpeg" href="export_info/files/86011-index.jpg"/>
        <link rel="leap2:is_part_of" href="portfolio:view30604"/>


        <category term="Offline" scheme="categories:resource_type#" label="File"/>




    </entry>


</feed>
